{
  "gearInfoList": [
    {
      "childJointIDList": [ -602880 ],
      "parentObjID": -602632,
      "transform": {
        "dPosition": [ 1.76951289176941E-08, 1.02740883827209, 1.50899994373322 ],
        "dRotation": [ 1.0, 0.0, 0.0, -4.37113882867379E-08 ],
        "dScale": [ 0.400000005960464, 0.400000005960464, 0.400000005960464 ]
      },
      "instanceID": -602732,
      "type": 0,
      "parentBPIndex": 1
    },
    {
      "childJointIDList": [ -603906 ],
      "parentObjID": -602632,
      "transform": {
        "dPosition": [ 0.0585919246077538, 1.06198477745056, 1.50899994373322 ],
        "dRotation": [ 1.0, 2.87858952430127E-17, 6.5854449671221E-10, -4.37113882867379E-08 ],
        "dScale": [ 0.400000005960464, 0.400000005960464, 0.400000005960464 ]
      },
      "instanceID": -603758,
      "type": 0,
      "parentBPIndex": 3
    }
  ],
  "shaftInfoList": [
    {
      "shaftType": 3,
      "childObjectIDList": [ -603758, 0, 0 ],
      "transform": {
        "dPosition": [ 1.76951289176941E-08, 1.02740883827209, 1.51899993419647 ],
        "dRotation": [ 0.707106828689575, 0.0, 0.0, 0.707106828689575 ],
        "dScale": [ 0.0640115737915039, 0.0640115737915039, 0.0640115737915039 ]
      },
      "instanceID": -602632,
      "type": 4,
      "parentBPIndex": 2
    }
  ],
  "linkInfoList": [
    {
      "childJointIDList": [ -603004 ],
      "startJointID": -602880,
      "endJointID": -602892,
      "transform": {
        "dPosition": [ 0.188912332057953, 1.21719169616699, 1.51349997520447 ],
        "dRotation": [ 0.0, -0.0168391540646553, 0.659032940864563, 0.751925587654114 ],
        "dScale": [ 0.43437922000885, 0.0299999993294477, 0.0299999993294477 ]
      },
      "instanceID": -602870,
      "type": 2,
      "parentBPIndex": 1
    },
    {
      "childJointIDList": [ ],
      "startJointID": -603004,
      "endJointID": -603016,
      "transform": {
        "dPosition": [ 0.0135527700185776, 1.44029641151428, 1.51096796989441 ],
        "dRotation": [ 0.0, -0.151915788650513, 0.980138778686523, 0.127474099397659 ],
        "dScale": [ 0.414763271808624, 0.0299999993294477, 0.0299999993294477 ]
      },
      "instanceID": -602994,
      "type": 2,
      "parentBPIndex": 1
    },
    {
      "childJointIDList": [ -603388 ],
      "startJointID": -603264,
      "endJointID": -603276,
      "transform": {
        "dPosition": [ -0.152776107192039, 0.968077540397644, 1.51899993419647 ],
        "dRotation": [ -1.05676724315718E-10, 3.16414894285799E-10, 0.160470113158226, 0.98704069852829 ],
        "dScale": [ 0.34271565079689, 0.0299999993294477, 0.0299999993294477 ]
      },
      "instanceID": -603254,
      "type": 2,
      "parentBPIndex": 2
    },
    {
      "childJointIDList": [ -603512 ],
      "startJointID": -603388,
      "endJointID": -603400,
      "transform": {
        "dPosition": [ -0.231049031019211, 1.14280533790588, 1.51149988174438 ],
        "dRotation": [ 0.0, -0.0215987525880337, 0.633754253387451, 0.773232936859131 ],
        "dScale": [ 0.449078142642975, 0.0299999993294477, 0.0299999993294477 ]
      },
      "instanceID": -603378,
      "type": 2,
      "parentBPIndex": 2
    },
    {
      "childJointIDList": [ ],
      "startJointID": -603512,
      "endJointID": -603524,
      "transform": {
        "dPosition": [ -0.0678129941225052, 1.35786247253418, 1.51054787635803 ],
        "dRotation": [ 0.0, -0.0305832047015429, 0.178389489650726, 0.9834845662117 ],
        "dScale": [ 0.281005620956421, 0.0299999993294477, 0.0299999993294477 ]
      },
      "instanceID": -603502,
      "type": 2,
      "parentBPIndex": 2
    },
    {
      "childJointIDList": [ -604030 ],
      "startJointID": -603906,
      "endJointID": -603918,
      "transform": {
        "dPosition": [ 0.317535251379013, 1.29391145706177, 1.51349997520447 ],
        "dRotation": [ 0.0, -0.013194065541029, 0.391438722610474, 0.920109629631042 ],
        "dScale": [ 0.453049868345261, 0.0299999993294477, 0.0299999993294477 ]
      },
      "instanceID": -603896,
      "type": 2,
      "parentBPIndex": 3
    },
    {
      "childJointIDList": [ -604546 ],
      "startJointID": -604030,
      "endJointID": -604042,
      "transform": {
        "dPosition": [ 0.238911420106888, 1.53301846981049, 1.51075494289398 ],
        "dRotation": [ 0.0, -0.0636695176362991, 0.957886338233948, 0.280000030994415 ],
        "dScale": [ 0.462488144636154, 0.0299999993294477, 0.0299999993294477 ]
      },
      "instanceID": -604020,
      "type": 2,
      "parentBPIndex": 3
    },
    {
      "childJointIDList": [ ],
      "startJointID": -604546,
      "endJointID": -604558,
      "transform": {
        "dPosition": [ -0.147472679615021, 1.54274010658264, 1.51899993419647 ],
        "dRotation": [ -6.52230158770806E-10, 2.29249286221034E-09, 0.990411579608917, -0.138148307800293 ],
        "dScale": [ 0.550990104675293, 0.0299999993294477, 0.0299999993294477 ]
      },
      "instanceID": -604536,
      "type": 2,
      "parentBPIndex": 3
    }
  ],
  "jointInfoList": [
    {
      "jointType": 1,
      "parentObjID": -602870,
      "attachedObjID": -602732,
      "transform": {
        "dPosition": [ 0.160507380962372, 1.00193786621094, 1.50799989700317 ],
        "dRotation": [ -8.74227765734759E-08, 0.0, 0.0, -1.0 ],
        "dScale": [ 0.025000000372529, 0.025000000372529, 0.300000011920929 ]
      },
      "instanceID": -602880,
      "type": 1,
      "parentBPIndex": 1
    },
    {
      "jointType": 0,
      "parentObjID": -602870,
      "attachedObjID": 0,
      "transform": {
        "dPosition": [ 0.217317298054695, 1.43244564533234, 1.51899993419647 ],
        "dRotation": [ -8.74227765734759E-08, 0.0, 0.0, -1.0 ],
        "dScale": [ 0.025000000372529, 0.025000000372529, 0.300000011920929 ]
      },
      "instanceID": -602892,
      "type": 1,
      "parentBPIndex": 1
    },
    {
      "jointType": 1,
      "parentObjID": -602994,
      "attachedObjID": -602870,
      "transform": {
        "dPosition": [ 0.214194655418396, 1.38847494125366, 1.50293588638306 ],
        "dRotation": [ -8.74227765734759E-08, 0.0, 0.0, -1.0 ],
        "dScale": [ 0.025000000372529, 0.025000000372529, 0.300000011920929 ]
      },
      "instanceID": -603004,
      "type": 1,
      "parentBPIndex": 1
    },
    {
      "jointType": 0,
      "parentObjID": -602994,
      "attachedObjID": 0,
      "transform": {
        "dPosition": [ -0.187089115381241, 1.4921178817749, 1.51899993419647 ],
        "dRotation": [ -8.74227765734759E-08, 0.0, 0.0, -1.0 ],
        "dScale": [ 0.025000000372529, 0.025000000372529, 0.300000011920929 ]
      },
      "instanceID": -603016,
      "type": 1,
      "parentBPIndex": 1
    },
    {
      "jointType": 0,
      "parentObjID": -603254,
      "attachedObjID": 0,
      "transform": {
        "dPosition": [ -0.315308779478073, 0.913794636726379, 1.51899993419647 ],
        "dRotation": [ -8.74227765734759E-08, 6.5854449671221E-10, -5.75717904860254E-17, -1.0 ],
        "dScale": [ 0.025000000372529, 0.025000000372529, 0.300000011920929 ]
      },
      "instanceID": -603264,
      "type": 1,
      "parentBPIndex": 2
    },
    {
      "jointType": 2,
      "parentObjID": -603254,
      "attachedObjID": -602632,
      "transform": {
        "dPosition": [ 0.00975656788796186, 1.02236044406891, 1.51899993419647 ],
        "dRotation": [ -8.74227765734759E-08, 6.5854449671221E-10, -5.75717904860254E-17, -1.0 ],
        "dScale": [ 0.025000000372529, 0.025000000372529, 0.300000011920929 ]
      },
      "instanceID": -603276,
      "type": 1,
      "parentBPIndex": 2
    },
    {
      "jointType": 1,
      "parentObjID": -603378,
      "attachedObjID": -603254,
      "transform": {
        "dPosition": [ -0.275008887052536, 0.922739267349243, 1.50399994850159 ],
        "dRotation": [ -8.74227765734759E-08, 6.5854449671221E-10, -5.75717904860254E-17, -1.0 ],