{
  "gearInfoList": [
    {
      "childJointIDList": [ -275296, -275308 ],
      "parentObjID": -275226,
      "transform": {
        "dPosition": [ 0.014619592577219, 1.13106203079224, 1.47899997234344 ],
        "dRotation": [ 1.0, 0.0, 0.0, -4.37113882867379E-08 ],
        "dScale": [ 0.400000005960464, 0.400000005960464, 0.400000005960464 ]
      },
      "instanceID": -275178,
      "type": 0,
      "parentBPIndex": 1
    }
  ],
  "shaftInfoList": [
    {
      "shaftType": 3,
      "childObjectIDList": [ -275178, -275308 ],
      "transform": {
        "dPosition": [ 0.0195147655904293, 1.14287686347961, 1.51899993419647 ],
        "dRotation": [ 0.707106828689575, 0.0, 0.0, 0.707106828689575 ],
        "dScale": [ 0.0640115737915039, 0.0640115737915039, 0.0640115737915039 ]
      },
      "instanceID": -275226,
      "type": 4,
      "parentBPIndex": 2
    }
  ],
  "linkInfoList": [
    {
      "childJointIDList": [ ],
      "startJointID": -275296,
      "endJointID": -275308,
      "transform": {
        "dPosition": [ 0.0833942964673042, 1.10520362854004, 1.51899993419647 ],
        "dRotation": [ 0.0, 0.0, 0.975253760814667, 0.221088647842407 ],
        "dScale": [ 0.152418196201324, 0.0299999993294477, 0.0299999993294477 ]
      },
      "instanceID": -275242,
      "type": 2,
      "parentBPIndex": 1
    },
    {
      "childJointIDList": [ ],
      "startJointID": -275368,
      "endJointID": -275380,
      "transform": {
        "dPosition": [ 0.228099405765533, 1.54217982292175, 1.51149988174438 ],
        "dRotation": [ 0.0, -0.0722787529230118, 0.945403516292572, 0.317786037921906 ],
        "dScale": [ 0.326524257659912, 0.0299999993294477, 0.0299999993294477 ]
      },
      "instanceID": -275254,
      "type": 2,
      "parentBPIndex": 1
    }
  ],
  "jointInfoList": [
    {
      "jointType": 0,
      "parentObjID": -275242,
      "attachedObjID": -275260,
      "transform": {
        "dPosition": [ 0.152153164148331, 1.07233965396881, 1.51899993419647 ],
        "dRotation": [ -8.74227765734759E-08, 0.0, 0.0, -1.0 ],
        "dScale": [ 0.025000000372529, 0.025000000372529, 0.300000011920929 ]
      },
      "instanceID": -275296,
      "type": 1,
      "parentBPIndex": 1
    },
    {
      "jointType": 2,
      "parentObjID": -275242,
      "attachedObjID": -275226,
      "transform": {
        "dPosition": [ 0.0146354315802455, 1.13806772232056, 1.51899993419647 ],
        "dRotation": [ -8.74227765734759E-08, 0.0, 0.0, -1.0 ],
        "dScale": [ 0.025000000372529, 0.025000000372529, 0.300000011920929 ]
      },
      "instanceID": -275308,
      "type": 1,
      "parentBPIndex": 1
    },
    {
      "jointType": 1,
      "parentObjID": -275260,
      "attachedObjID": 0,
      "transform": {
        "dPosition": [ 0.0195147711783648, 0.850902915000916, 1.51899993419647 ],
        "dRotation": [ -8.74227765734759E-08, 0.0, 0.0, -1.0 ],
        "dScale": [ 0.025000000372529, 0.025000000372529, 0.300000011920929 ]
      },
      "instanceID": -275320,
      "type": 1,
      "parentBPIndex": 1
    },
    {
      "jointType": 0,
      "parentObjID": -275260,
      "attachedObjID": 0,
      "transform": {
        "dPosition": [ 0.374077618122101, 1.47842526435852, 1.51899993419647 ],
        "dRotation": [ -8.74227765734759E-08, 0.0, 0.0, -1.0 ],
        "dScale": [ 0.025000000372529, 0.025000000372529, 0.300000011920929 ]
      },
      "instanceID": -275332,
      "type": 1,
      "parentBPIndex": 1
    },
    {
      "jointType": 0,
      "parentObjID": -275276,
      "attachedObjID": 0,
      "transform": {
        "dPosition": [ -0.600723445415497, 1.64373517036438, 1.51899993419647 ],
        "dRotation": [ -8.74227765734759E-08, 0.0, 0.0, -1.0 ],
        "dScale": [ 0.025000000372529, 0.025000000372529, 0.300000011920929 ]
      },
      "instanceID": -275344,
      "type": 1,
      "parentBPIndex": 1
    },
    {
      "jointType": 2,
      "parentObjID": -275276,
      "attachedObjID": 0,
      "transform": {
        "dPosition": [ 0.418003261089325, 1.64112436771393, 1.51899993419647 ],
        "dRotation": [ -8.74227765734759E-08, 0.0, 0.0, -1.0 ],
        "dScale": [ 0.025000000372529, 0.025000000372529, 0.300000011920929 ]
      },
      "instanceID": -275356,
      "type": 1,
      "parentBPIndex": 1
    },
    {
      "jointType": 1,
      "parentObjID": -275254,
      "attachedObjID": -275260,
      "transform": {
        "dPosition": [ 0.358386516571045, 1.44408011436462, 1.50399994850159 ],
        "dRotation": [ -8.74227765734759E-08, 0.0, 0.0, -1.0 ],
        "dScale": [ 0.025000000372529, 0.025000000372529, 0.300000011920929 ]
      },
      "instanceID": -275368,
      "type": 1,
      "parentBPIndex": 1
    },
    {
      "jointType": 0,
      "parentObjID": -275254,
      "attachedObjID": -275276,
      "transform": {
        "dPosition": [ 0.0978122875094414, 1.64027941226959, 1.51899993419647 ],
        "dRotation": [ -8.74227765734759E-08, 0.0, 0.0, -1.0 ],
        "dScale": [ 0.025000000372529, 0.025000000372529, 0.300000011920929 ]
      },
      "instanceID": -275380,
      "type": 1,
      "parentBPIndex": 1
    }
  ],
  "slottedBarInfoList": [
    {
      "childJointIDList": [ -275368, -275296 ],
      "startJointID": -275320,
      "endJointID": -275332,
      "transform": {
        "dPosition": [ 0.19679619371891, 1.16466403007507, 1.51899993419647 ],
        "dRotation": [ 0.0, 0.0, 0.5040203332901, 0.863691866397858 ],
        "dScale": [ 0.720762848854065, 0.0599999986588955, 0.0299999993294477 ]
      },
      "instanceID": -275260,
      "type": 5,
      "parentBPIndex": 1
    },
    {
      "childJointIDList": [ -275380 ],
      "startJointID": -275344,
      "endJointID": -275356,
      "transform": {
        "dPosition": [ -0.0913600921630859, 1.6424298286438, 1.51899993419647 ],
        "dRotation": [ 0.0, 0.0, -0.0012814017245546, 0.999999165534973 ],
        "dScale": [ 1.01873004436493, 0.0599999986588955, 0.0299999993294477 ]
      },
      "instanceID": -275276,
      "type": 5,
      "parentBPIndex": 1
    }
  ]
}